,r5_Gangwon,r5_Gyeonggi,r5_Gyeongnam,r5_Gyeongbuk,r5_Gwangju,r5_Daegu,r5_Daejeon,r5_Busan,r5_Seoul,r5_Ulsan,r5_Incheon,r5_Jeonnam,r5_Jeonbuk,r5_Jeju,r5_Chungnam,r5_Chungbuk,r6_Gangwon,r6_Gyeonggi,r6_Gyeongnam,r6_Gyeongbuk,r6_Gwangju,r6_Daegu,r6_Daejeon,r6_Busan,r6_Seoul,r6_Sejong,r6_Ulsan,r6_Incheon,r6_Jeonnam,r6_Jeonbuk,r6_Jeju,r6_Chungnam,r6_Chungbuk,r7_Gangwon,r7_Gyeonggi,r7_Gyeongnam,r7_Gyeongbuk,r7_Gwangju,r7_Daegu,r7_Daejeon,r7_Busan,r7_Seoul,r7_Sejong,r7_Ulsan,r7_Incheon,r7_Jeonnam,r7_Jeonbuk,r7_Jeju,r7_Chungnam,r7_Chungbuk
r5_Gangwon,0.0,0.008500380688772714,11.60547705958206,0.5256543613388063,0.3888938541123811,0.34689533200322076,0.5285675554359117,0.03104975671829461,0.011249837237616567,0.13254829501699983,6.948923778778105e-05,0.36351101385291174,0.22220126905929893,9.810588237610071,0.4560085210236596,0.001842891889855161,0.005261975316932974,0.003862644989948918,0.023904362156681108,0.2630130165866076,1.2458040560285093,0.004815231993760306,0.007744964133841843,9.700990233791016,0.03137661592249602,0.03951977484267646,9.604853114372311,0.003330906284295507,0.6072637585089521,0.2739289648940138,0.02784510895009838,0.021424187673495493,0.006649446464406588,0.07687436499402306,0.07550104218595113,0.023738336295670605,0.09070158520224855,0.9113488586659593,0.018278311997374758,0.1135918766080303,0.060669386665993745,0.2837308218798745,0.31426107767088973,0.044348149025606194,0.06992239081908116,1.0943982853427072,1.2930147624819317,1.4118756935355832,0.06951665598112455,0.13194246468100435
r5_Gyeonggi,0.008489456295377965,0.0,10.145785512026128,0.39852906933584126,0.46363225677889197,0.24610634058571265,0.5009917626305941,0.018411138876581277,0.005711809574528302,0.07872939272276941,0.008122265404332668,0.45503554072209706,0.2966508580071779,11.149379892147854,0.49646766093551,0.005202618092166587,0.00038566710460618474,0.003438459816435417,0.04938594558562458,0.3591716999371502,1.050491973991148,0.02166605671291398,0.00017610461284712836,11.05485404020074,0.014898827843940206,0.020518270943538863,10.972659223051128,0.003982856910351374,0.46841798134330614,0.18985771099182883,0.05731661378879066,0.005818440296612382,0.0005672438514658304,0.03775480869209728,0.03968546233812206,0.006055787523825688,0.10814630046592186,0.7233162001344579,0.031512883081567036,0.07034652907415223,0.02942399406297601,0.221150481452678,0.21941138451422948,0.020777442110276198,0.03323480490784386,0.8915630200770733,1.0723584837486513,1.2349957221104324,0.029140732808233163,0.07897683433993499
r5_Gyeongnam,1.4855325236336179,1.3722636822131744,0.0,0.45041737158563083,0.8620516679657655,0.6175762029819033,0.2787527578505261,1.9016254120915088,1.155747467589349,0.758964474852644,1.4535228203503205,1.0701359871905196,1.1064431912713064,10.071922213832062,0.5846521313963478,1.3371349706712394,1.3976913739083714,1.5713431586444573,1.2064538190855316,1.4190522514364994,0.06734511792929394,1.3621838992784836,1.335930329053628,10.166952542269316,1.7790814273214008,1.8425691290076087,10.297290713337405,1.5789740380787547,0.41007772601001624,0.5814895684642929,1.237937973733954,1.1222963928398761,1.3195874418319862,1.5891393081268426,0.8485791745327965,1.1282384795518356,0.7915258615808005,0.5359637828419519,1.1069103211010805,0.7042002262039874,0.9026343281948592,0.36775222990510953,0.6366429804549104,0.9410113925612839,0.9236590101811363,0.26424910480065295,0.15917572486819245,0.03760348080971399,1.1739890716029544,0.7449718448748739
r5_Gyeongbuk,0.4281072515759217,0.33269416382367156,2.5116292326620173,0.0,0.9082008600664516,0.015500977495025083,0.424280445346281,0.4431991893147553,0.30278548042174,0.09246399330079053,0.41939378210958167,1.009376728087257,0.8269715829796676,16.103606467479242,0.744790441697676,0.37461755060995516,0.35218966468913593,0.4082422124194395,0.466257126428666,1.0250951524982665,0.1733614061980645,0.4443504409844613,0.3287149212692402,16.106588983014078,0.39991247840984,0.4081239444366781,16.122444264540068,0.41438730809938595,0.0019127758319551179,0.027272778517199017,0.4943787463393089,0.25740745078484417,0.3312432847658631,0.2914815043090508,0.14925091408474717,0.25092805917116956,0.3943534087648341,0.041967394403326294,0.384429198373823,0.11461746695092453,0.16999997934829597,0.08880113688808516,0.021121003135721617,0.20055382305235742,0.15668795120613171,0.060865529793758644,0.11333349752869996,0.3829336927499118,0.19224298075477966,0.09295939933381832
r5_Gwangju,0.5053301453534053,0.5317606180120733,12.236709453005705,0.8477526055254887,0.0,0.7283095558132324,0.2533767336585381,0.8560283345626942,0.39808291644113064,0.4749752756036655,0.4898146374046577,0.019622306086942556,0.06261177161179196,2.9487451644601665,0.04851316399684416,0.44969083429368145,0.5261895180783158,0.5994311842496062,0.27586478888250865,0.14492174629808965,1.2992545446203756,0.3970676204182978,0.5066017620438674,2.876785457604821,0.807554368067184,0.8590624394563927,2.8360765606007825,0.5980130426494675,0.920698618055003,0.5917293579277834,0.2750111122661465,0.43469648581697806,0.48958028951587085,0.8363951838068683,0.40869955328723856,0.4494634601175407,0.11606406654738213,1.3733200872150497,0.2797597991426098,0.38300875296830095,0.4090714234983223,0.369575498236395,0.6944694777618752,0.38448029840486636,0.4522119717840296,1.378732825441983,1.498625038622874,1.2641175289184416,0.60932657096645,0.46265935158444915
r5_Daegu,0.29912246445811186,0.21597957256258224,3.648626524242586,0.016103601202741395,0.8504540883634046,0.0,0.43959851848701026,0.2865165215783345,0.2031887273195284,0.0415120772249845,0.293042427424126,0.9304460192497731,0.736351035123417,15.875346002828955,0.7197138952824114,0.2584237237359476,0.23264220635485594,0.274017634357127,0.3590128626495079,0.9094913305846077,0.28791591646051007,0.3243879826431858,0.21471099483225992,15.85970798739276,0.2536378070576675,0.2577919854045194,15.85536096411634,0.27934952275976466,0.029519460455809013,0.006339290818598653,0.3843372522347392,0.1627970723560684,0.21823976632244602,0.16741719585838602,0.08388526159532161,0.15633519774688615,0.32687414524914266,0.0911379892179025,0.286521543376456,0.06496458903307484,0.09844055840390434,0.08257966136170262,0.0005993122448051144,0.1234763094361173,0.08499308606239812,0.14864572310808916,0.22807403545152335,0.5104337850219938,0.10101805243873585,0.04295284936781736
r5_Daejeon,0.9444247681871509,0.8900576981106032,4.787707568937863,0.43421709933574726,0.22954825404700824,0.495457989330702,0.0,1.3838841657319088,0.6856332005756847,0.4722312470702256,0.9166207496067952,0.36891543261467175,0.43652530594829797,5.919175961339683,0.08018014260907023,0.824362458217985,0.9026708754472935,1.0475780955259681,0.6459320534724158,0.6630666117393484,0.3446790680173879,0.8095773017330952,0.8544237470371474,5.952970553070694,1.283516383493862,1.3489256386749537,6.023205726670774,1.0514363190683627,0.438039302767821,0.4091247548739432,0.6636815356539129,0.6844328005398317,0.8353352529946813,1.1788733646236647,0.4977913759953522,0.6958535679119823,0.2983026836135454,0.7182408083521117,0.5894185017966245,0.39118558596932895,0.5326426639999813,0.15598788312538958,0.49308471402361675,0.5444410903562908,0.5678134749138967,0.5302650553199768,0.5033364118691656,0.2815259698695447,0.8051587690544606,0.45709378462536165
r5_Busan,0.028161861964062864,0.013774612471428676,9.803006681806108,0.40487284372720467,0.5915442488307264,0.25258434218755815,0.5927945743861535,0.0,0.034299468996792905,0.10041811043994223,0.029302391873619424,0.5822886785628487,0.4007816381570358,12.24751125021937,0.6181446726549941,0.029598394254873397,0.01526404510668725,0.011657795689158378,0.09930361406535246,0.4641779602168057,1.0683880743301692,0.055021918951657464,0.01669599336321427,12.152680422763186,0.000620471323325396,0.0011548758776325097,12.06807205769027,0.012549979782718908,0.47286812873644185,0.206892922584137,0.10867968953704053,0.029275858966257586,0.019087872167647298,0.019810142693142074,0.06661334698155119,0.027731168364698914,0.17958377149750432,0.7006995004328322,0.07753114729102367,0.10210179540252937,0.05586739354184522,0.26728724873521664,0.2274276522973485,0.04990263356433708,0.05487861836296677,0.883792749174405,1.0684876703094428,1.2780858050300283,0.03361745739487626,0.10207957981958858
r5_Seoul,0.012467561484589773,0.006459296437539265,10.23882011137393,0.3935737439737258,0.38534669308664027,0.24497576405651597,0.4381524166085893,0.05165954307268354,0.0,0.07167119285780751,0.010751144898607616,0.3798216864114644,0.23857319245518904,10.433956812421549,0.4183644891822246,0.0043912563393097015,0.0064470855069484675,0.01583633506330097,0.03014990519208281,0.30359548387722823,1.025500647515381,0.015242484804674732,0.004436962625821217,10.341944967077263,0.044053711140607646,0.053625896954626884,10.263890740848435,0.01624552594995826,0.46332218819569887,0.18223747962363956,0.03744648646597963,0.002969528956342286,0.0033467102643102153,0.06664529962966759,0.030858514436040353,0.00441376408334525,0.06938283415918903,0.7339126607069363,0.013765660480923226,0.05629753203747522,0.021693164542355977,0.19196290975678587,0.21785920941632134,0.011910792139828947,0.028777129558221794,0.8873028897604359,1.0621122948540767,1.1913070856559467,0.03875018453259521,0.07084212862937844
r5_Ulsan,0.13458608300486108,0.08349045378439302,6.287668540506947,0.11521394360761146,0.5807623285456818,0.04734004106442352,0.3627604061044656,0.1546881134807218,0.06831494014774761,0.0,0.12971530600637038,0.6275841399909763,0.4617013963537653,13.344804402288275,0.51599802681912,0.10507468185195792,0.09328129185563179,0.12435239663908701,0.16808224668329805,0.5923449937670021,0.5238288374177215,0.1465850031820176,0.08102755491883323,13.299449749545877,0.13032107307591492,0.13825761577664186,13.267118455533282,0.12764842213452038,0.1512430865626502,0.02324995976129721,0.1858946296901302,0.04653362538208706,0.08209709040310131,0.08778316323943812,0.008179430634272407,0.043742574824050376,0.15675191299779223,0.3033190286856911,0.11877377470507823,0.004994264570958137,0.013632940231933937,0.0639815677010668,0.0366146486788309,0.0241963290620954,0.009774584059806562,0.39339216965212737,0.5087791567162512,0.71594638641119,0.02906517422416098,9.102387243920028e-05
r5_Incheon,7.079479581332529e-05,0.008120488521846388,11.555183789436951,0.5195101247013402,0.38411042155461095,0.34214840360363075,0.5211159803106857,0.03294507955121781,0.00987934929230945,0.12913221357366453,0.0,0.3596759301161161,0.21924693164775416,9.7981178219293,0.44987640593334316,0.0012731371299084865,0.004990184947557226,0.004345320680190725,0.022537513183045366,0.2611511620080355,1.2351190931037843,0.0042716313723804925,0.007201932552098151,9.689349104494047,0.03274617933319412,0.04114885025907928,9.59414442547815,0.0038441279649140403,0.6006399170064906,0.2692567827864411,0.026579418387662316,0.019913478127667555,0.0060306966065378715,0.0773180565900412,0.07264090496456152,0.022254837741329435,0.08723602027913863,0.9041952713520169,0.016559287709822935,0.1099601816014888,0.058091111516359616,0.27795017254863,0.30971230275171396,0.041972091874237276,0.06742548973847082,1.085301946299366,1.2826634084312176,1.4002218468115224,0.068154131230136,0.12846231637318034
r5_Jeonnam,0.38134179374499994,0.4291949481319546,14.35474528655901,0.984350286338073,0.018761036121597074,0.8077867216541798,0.39957491007071577,0.6770538782625292,0.3283748006002383,0.49232234167773853,0.3707816935927539,0.0,0.018873620809541122,2.7843528069513344,0.1255345518615859,0.34943633969092336,0.41864465585724364,0.46449286198832074,0.19508144205863426,0.056129308361525215,1.6153311017088057,0.29115530527711,0.4092907211850708,2.6786897679197965,0.6479294542106786,0.6914466093962295,2.601145936644652,0.4616493753574883,1.0778484906233798,0.662746544101082,0.18935705819948626,0.3733416350886253,0.39433589522985324,0.7164515186585949,0.40066370167445986,0.38791046981756644,0.10994690297228372,1.5659647957331673,0.21535321939573218,0.4040025109760202,0.38977539778272796,0.4709433740816706,0.765068082794719,0.35555396846020215,0.4320521305975321,1.6430942830427613,1.8122308910634906,1.6068473379326604,0.5516445480792678,0.48189789283373907
r5_Jeonbuk,0.22909180192611645,0.2787742537053336,14.696492799057344,0.9237129572336533,0.05389457922307313,0.7237579939993615,0.44437330903758493,0.456911209929693,0.20909087233011583,0.40073918372764594,0.22236514351077583,0.01852574359697974,0.0,3.8960491014614154,0.17728517237012187,0.21258053296114265,0.2674816955846254,0.2941283693598795,0.09655929384958105,0.019719387152946723,1.6424105928324444,0.1626063403757793,0.26429635975951926,3.7761280403909634,0.4406720305723292,0.47485635535332515,3.680531225339308,0.2911101891015757,1.0234362614102062,0.5877658163816883,0.09054305146957213,0.2514099066020413,0.25256936944406516,0.5212011507087185,0.3048363623502386,0.26378098612828255,0.06776308361484774,1.4940468396704827,0.11895290436652305,0.3258763022653633,0.28873019241589654,0.44303257342766716,0.6792053231586175,0.2537226551393824,0.3249515557003921,1.6183743760933824,1.812444815630911,1.6748322957280959,0.4086886987229301,0.39277366254266977
r5_Jeju,1.5930371012516402,1.584985289839168,8.736522984843486,1.291553342650218,0.2909807279426633,1.3239659594551207,0.3431713270928902,2.236758079631474,1.3067360205996983,1.17791568569852,1.5585090558420744,0.4155240760757062,0.6116966943898929,0.0,0.2080412364214312,1.4559360316402716,1.588454924701816,1.760358772637125,1.1320959903668575,0.8108267080762626,1.2198950249102085,1.3839740678239003,1.5352601134371708,0.01911734227828607,2.1207871784756724,2.213151821251091,0.08594186388661595,1.7614063479502624,1.3169521929547066,1.1693845699918024,1.1386808212749762,1.3407810446309203,1.5050374597751563,2.057865186261226,1.1592172756558123,1.362924463370268,0.6904250756422887,1.778900349244382,1.1072896357158113,1.037538378205861,1.1914878995316442,0.7544393652966666,1.3078986810311028,1.182280616267752,1.255376248725704,1.535954643868907,1.509500704844532,1.0168455072536544,1.5785514718084075,1.1551204356592328
r5_Chungnam,0.7647421334241611,0.7547148175512002,8.735890187704662,0.6763725120360176,0.04850756639445028,0.650754030383997,0.08478527467579042,1.1974629397331928,0.5702989024887244,0.5027434880807328,0.741416866338312,0.13101466233388176,0.2085839528582183,3.508637565833111,0.0,0.6711558061196857,0.7575594887777808,0.874337230009214,0.4708977574581274,0.36506592811910676,0.8356670298102873,0.6297683281261537,0.7215235371896047,3.491954609609414,1.1181130560593644,1.181638740295001,3.5112069748379837,0.8753350982341441,0.7151594430771483,0.5303576246302384,0.47835588351175723,0.592082112165073,0.7015428654373054,1.080998841584608,0.47928551885407666,0.6067875617105111,0.19316250366205967,1.1036199509314888,0.44705453616257357,0.40697432908187126,0.4980421108809399,0.26468402788403683,0.631827058817714,0.48984676218737566,0.5415591027434176,0.9944925152721819,1.034368955014885,0.7622333610047111,0.7565604583722652,0.48762863140654455
r5_Chungbuk,0.0019494305184383012,0.005194563829605476,11.103373076753071,0.47421143405643773,0.3824286442726369,0.3066534093598633,0.4906556301990312,0.03689131773474621,0.004185778135159272,0.10720612042382514,0.0013211569791486584,0.3644374917329212,0.2236772019068658,10.01490573858074,0.4370192175085513,0.0,0.003129465015147331,0.005889503164500501,0.02285351741301263,0.273462607800896,1.1613254580578025,0.005695045701481081,0.003905985390000735,9.911847492030835,0.03417724385797541,0.042967081474246556,9.822482685141987,0.005699373648661105,0.5514579238336905,0.23724603301986485,0.02800794651623898,0.011800582005309585,0.0027668490048160335,0.07124945178221383,0.05607025632451909,0.013832172764381924,0.07892110938710062,0.8437171753043511,0.013319895934196226,0.0893513003794254,0.04335452516191352,0.24635659798998363,0.276033800015001,0.029401221260021735,0.05191111576603111,1.015410779666927,1.2050947101429494,1.3267246895764864,0.055751884553991424,0.10648515438366257
r6_Gangwon,0.0052621346367721184,0.00038615975596984604,10.455811780974184,0.42437276301330945,0.44689019254781726,0.2662878946116167,0.5060063832323165,0.01946987394792246,0.0055609719570395046,0.08891373212185799,0.004999019765631475,0.4346795399961669,0.27981036754016786,10.867380039664244,0.48705451507775,0.0031102167211212823,0.0,0.0020505107258804115,0.04270900176399964,0.3376690530041297,1.0910757274566478,0.01673317241757319,0.0003804924278550002,10.769611192276434,0.016810989895645258,0.022938777591712194,10.684402095736784,0.0023658559927446417,0.49676912667043605,0.2065157449105659,0.04979148146089922,0.007797815271618446,0.0004654641052337701,0.04451083950862353,0.04603394653197431,0.008469704024328707,0.10334277367070877,0.7620612008589599,0.02744306955623812,0.07832520846264132,0.0347864889959877,0.23338380723278804,0.2383262059777268,0.024507766444914085,0.03973512610019392,0.9335912150121024,1.1182450203994891,1.271786119000313,0.0363182680237526,0.0889872413103473
r6_Gyeonggi,0.0038246559913146594,0.003247327147978046,10.876356756573005,0.4688281190243522,0.4579414087486021,0.30098874612223864,0.5427411934287931,0.012826589698203113,0.01240279618064213,0.11135503927385548,0.0042414122266093614,0.4392580291709134,0.28280862693185904,10.740964494024855,0.508722610809187,0.005202478477221439,0.0018912892673087628,0.0,0.04532676750833006,0.33288909470226846,1.1648696654304627,0.01687959282317189,0.003837042790017186,10.637482174657766,0.013014530119031125,0.018336559823960447,10.546256509941777,3.422316068558054e-05,0.5449362520950248,0.2386180684919608,0.05142045828752766,0.016625731168248427,0.004055329030570149,0.0478820120291625,0.06357345276703057,0.01745896332303514,0.11633574965386792,0.8192444218414014,0.03328026707443843,0.10028606232782464,0.05045903585037382,0.2674747768045604,0.2713447084462355,0.03824456870430399,0.05578592399820706,1.001377446795729,1.1940010948096456,1.3473661104940609,0.04785078997675497,0.1115962374976617
r6_Gyeongnam,0.02624479262366544,0.04925515530963749,12.670131185495801,0.6183208108892025,0.23378706021889223,0.43025502666469473,0.46170787110080175,0.120347626765385,0.029297412840847345,0.17739550334058876,0.02425842651705709,0.20356193772848336,0.10200390806505888,7.798069291959006,0.32188604016119576,0.0229483768805017,0.04314748048211213,0.04995517756377166,0.0,0.13402454676320263,1.3451481435106554,0.008138619798100943,0.04415913352618137,7.683703918402738,0.11595321435530642,0.13241255726882573,7.586276671140592,0.04854211085666979,0.7067563495137608,0.3360526248115439,0.0004448475927248362,0.05046374141587589,0.03962078612279277,0.17464975409036354,0.1064517405794391,0.05610474056072596,0.0380779356177311,1.0674750717942034,0.004318165829918148,0.1400466534088477,0.09074832165555186,0.2958231926526564,0.39331462125746974,0.06784680070977556,0.10890924417940989,1.2339137108318528,1.432987057541267,1.467966269742701,0.1349075484024301,0.1744247383729798
r6_Gyeongbuk,0.22041583754036695,0.2907559988260735,16.729167600149182,1.1386664879298731,0.11302796225178934,0.8910114049888854,0.6268784440037357,0.4204068083153132,0.24146245727194507,0.5089776919416482,0.2171080918231093,0.045960607209049154,0.018268803165455733,3.3431530606709603,0.2879572553364508,0.22146183819917153,0.27478845837875365,0.28174219200027484,0.10959723956631083,0.0,2.0015747612135364,0.1625276590470206,0.27936071981997723,3.195268930081934,0.4183481030147569,0.4482754463109115,3.0700955582669374,0.27737068559224864,1.2564260368288678,0.7429662829518486,0.09883476025768032,0.2931764028062889,0.26841012611388393,0.5337056131528098,0.3894262408305788,0.3062258276467787,0.13288298639037494,1.7694511030127176,0.1474944332999805,0.4323906918859304,0.36415881350005885,0.6097682976764389,0.8383261249514183,0.31985041236314343,0.40193182794277815,1.9465599320499511,2.1798525941971776,2.0442979636936527,0.4625033535675115,0.501920219934555
r6_Gwangju,1.0123683653117288,0.9033580516126583,0.6519707732784046,0.1848219486042906,0.8107070006891339,0.29904848246519,0.25000751896653006,1.275604979064585,0.7569980198191463,0.4230352403190559,0.9890024162524966,0.9812248462626115,0.9333729688330781,12.436987907340212,0.5710342982673315,0.8987089750404128,0.9270838452842044,1.0574214106541422,0.8542524975071524,1.206283543984211,0.0,0.9423733192319563,0.8792477962621816,12.499761637037096,1.1821339167633511,1.224606278187586,12.589298673799153,1.0646499659714286,0.15860661508188784,0.28322205345761353,0.8850470200527538,0.7176592698496853,0.8701683430944156,1.0194352391437416,0.5029403764735121,0.7186643464039562,0.5663707250291604,0.24542825379127198,0.7595890716254766,0.3985175978495356,0.5451984427037355,0.17540527394884875,0.3139341516433839,0.5817425024248577,0.5526181859232755,0.08021223026040003,0.03147978852423812,0.062309101515195725,0.7221627088863275,0.4145780359945909
r6_Daegu,0.004972197273640984,0.02136416955042344,12.211791527016407,0.5751374881059615,0.3164152726149943,0.38907838304026704,0.5039370696401636,0.06267408027000057,0.015189097162895718,0.15351351056714982,0.0043358770524889265,0.28678717961774164,0.162824603867274,8.859963446615112,0.39635032312878277,0.00563613333502863,0.016526908104348106,0.01755244611501262,0.007651587907369806,0.19720004954817363,1.3076712670312227,0.0,0.018849825429837097,8.746396711912558,0.06179126726915398,0.0734115066471718,8.647755548628023,0.016534970911895902,0.6609998943108085,0.3057435759138609,0.009706007086578029,0.03093532454687293,0.01625076389631458,0.11550950704125607,0.0886572357420592,0.03479518848703557,0.06486978241664741,0.9934035635232318,0.007521393665695177,0.12614327832675776,0.07283684526399818,0.2937123105652612,0.3539720502742099,0.0529411476735248,0.08621143337998652,1.1723848130978554,1.3737559477179473,1.4548889045392988,0.0962185153797063,0.15189921983479793
r6_Daejeon,0.007744572931630877,0.00017921098308904763,10.206379355529034,0.4009152640008267,0.44856152101452396,0.24819319069470086,0.49156048919163725,0.02268333886699792,0.003995934070050958,0.07839914528476849,0.007192411156791165,0.4398676480286852,0.2845746290521348,10.998709324752799,0.48254886523193247,0.003918604822176368,0.0003871681331189432,0.004229843917727913,0.044654305211110225,0.3467525125315624,1.0521563281318906,0.01911027149016587,0.0,10.90406018449047,0.018692345855972292,0.024978496850998122,10.822019431528101,0.004718951617207288,0.47116807674929806,0.19043728277855532,0.052360364990030134,0.004855869049449402,0.00012352409165963243,0.04225234317727212,0.038503098573019715,0.005339650579596299,0.10079390719961685,0.7299985365333436,0.02740309476450244,0.06863662016881733,0.028253557229589055,0.21783891165929128,0.2212410382685016,0.019187353968335045,0.03272647030429051,0.8965366024525472,1.0770326908996568,1.233293269523821,0.030831382990984868,0.0784595666441507
r6_Busan,1.3111068292581158,1.325586857811629,10.894779257097907,1.3025185791959575,0.20672082771627784,1.2698304657534987,0.39261642247891015,1.879849355339548,1.0895825497770772,1.057823129154153,1.2827159707882319,0.28727705012047333,0.4484974608027318,0.01941839102495828,0.18821663919616058,1.202595047421957,1.32373347661814,1.4622508050083853,0.9091831131622082,0.5965266561226985,1.4392713210980557,1.127067047311053,1.2827388011543792,0.0,1.7872773235010921,1.8688904458320454,0.024038022962379724,1.4617848639912034,1.3507464571177143,1.1090017915654975,0.9106787121891703,1.1315014649077637,1.2555176292924375,1.768429313051031,1.0118641890271687,1.1528448247289518,0.559599052091488,1.8444555991377347,0.9017976929203956,0.9248477095043951,1.031136895752784,0.738045631948758,1.2441330517784082,1.0118105290319241,1.092493895589311,1.6880831770354614,1.7190469864424975,1.2747352149701547,1.367345950918703,1.0376405734359953
r6_Seoul,0.03005461116776526,0.012342917810431332,9.50380535397183,0.37706317433152425,0.5984024599698881,0.23077312201825134,0.5796882714519271,0.0006435356326969033,0.03215410933507881,0.08790031668823811,0.03095401426656349,0.5930399990722728,0.4098051434743913,12.451850722500037,0.6177639072608043,0.029877166415843384,0.014555956934177258,0.012590635968618681,0.10223698858849314,0.4780742469981612,1.023931465654775,0.05753926479024925,0.015219341931314606,12.360488602611127,0.0,0.0004354784865134107,12.279288897882715,0.01369580889999065,0.4425610204305932,0.18790688354416682,0.11238811884854191,0.025313957735271245,0.017762823425432152,0.01436585749756463,0.05771311075262538,0.0234624496956024,0.17866375497150477,0.6617053734477287,0.07803509453273588,0.09105285898213533,0.04805572037339131,0.25047595128281075,0.2068277037997067,0.043591031407480565,0.04627511890247313,0.840027120099962,1.0202886853471427,1.2354724098942909,0.025782785212073278,0.08962387066785951
r6_Sejong,0.03732760316905071,0.01675125636079381,9.278868113564439,0.36498684936437026,0.6257281588844333,0.2221986892104157,0.589701084326603,0.0011499677079368812,0.03849833665120769,0.08713147125640427,0.0383262825300328,0.6225201503323603,0.4346145204340717,12.747683778863749,0.6399000541001424,0.03696298055638485,0.019559273028022177,0.017489686876015275,0.11491201534343998,0.5058499427313569,1.004028461109783,0.06734546926979564,0.02003711438411435,12.65828599286672,0.0004286312955402421,0.0,12.57868126848666,0.018773620623300343,0.42873514599412726,0.18264659304696754,0.12574217522144815,0.02979025849119763,0.022985967473592606,0.01141383669911241,0.05987451112861521,0.027478011151357423,0.19251682836935025,0.6385448821825729,0.08868183214917108,0.09273330928498938,0.050771898663886136,0.25109432445143776,0.19920014674796008,0.04760307401875609,0.047770417485774645,0.8164532549762572,0.994760990463441,1.2206357891803477,0.025000749630151246,0.08911537601940112
r6_Ulsan,1.0414387151625895,1.081072530365033,13.349253148726914,1.3598291380960088,0.15772525371297036,1.254464763779881,0.4928845987333612,1.5264778244246162,0.892229073053059,0.9688251854621022,1.0198992053237268,0.18917573164385962,0.31137667587287365,0.08616576665199258,0.21115446551861514,0.9648430505289368,1.0732767134713508,1.1745224568132981,0.7054000292877429,0.40235864004284627,1.7292449619935861,0.8853340477005257,1.0459018583811905,0.02372738190556281,1.4600275015776691,1.5296379888899139,0.0,1.1723668771816043,1.4335425729431737,1.0866618315047902,0.7012141813872104,0.9429381347990173,1.0220314396287886,1.4903821987513002,0.89243350842984,0.9633883358118543,0.4586186276304119,1.9627086088532126,0.7174627530064944,0.8441129839019772,0.8971957785745733,0.7648135590584968,1.2180165910821283,0.8665728081700581,0.9557268653134836,1.9029836820393384,1.9980467303938363,1.6077039303104117,1.1766325650100362,0.9515593536169955
r6_Incheon,0.0032808587672489217,0.003784717861119882,10.96905418710909,0.4768709478527129,0.45307174316927956,0.3073672233477322,0.5443832944340212,0.013666993147298846,0.01273388843433177,0.1147458768973818,0.0037232636614247597,0.43332850621525565,0.2779878890132099,10.654968319164693,0.5060270788217278,0.004976733358746243,0.002198252692118716,3.422599816060368e-05,0.04367022950606552,0.3266954399507078,1.1772062830097825,0.015789793061895784,0.0043120297243877045,10.550533991024967,0.014092197659310437,0.019580259457371765,10.458430432250513,0.0,0.5537221356401146,0.24392654099079533,0.04950993445853963,0.017599615884450973,0.004433793868821569,0.05039513177997844,0.06581991040850296,0.018566378963723606,0.11515929712234699,0.8311733174041439,0.032402642237719784,0.10299577619491004,0.05241733049250915,0.2713877077087624,0.2773458998508197,0.03971444406683818,0.05809429972113306,1.0142225602905168,1.2079672794830214,1.358505511545297,0.050414375465243175,0.1149313331781607
r6_Jeonnam,0.47651992331418924,0.3768331880077344,2.1363774300596683,0.0018385174075882006,0.9418024580071123,0.027290367829749453,0.4323644487981734,0.4976513380018469,0.3425796950446716,0.11647237995350021,0.4670839157290535,1.0495956433074518,0.8692446581947338,16.258944349220542,0.7676777463030017,0.4193382668353628,0.3972972615341318,0.45749920474005296,0.5099540804722958,1.0752883495555356,0.14504233059925806,0.4908855186258757,0.37219397766703777,16.267762682709204,0.45138079676483844,0.4605115921180881,16.28980333946603,0.46392451198093576,0.0,0.041512018049371435,0.539057043168077,0.29527307181250934,0.37454808794869476,0.33570605126523156,0.17816098550613613,0.2886630883901784,0.4270524716456536,0.031371703675945696,0.424915553590609,0.13892380535641305,0.20082433981581732,0.10045525123601677,0.03459766691654117,0.23330217563465344,0.1872180324246652,0.03916698211309633,0.08342808013063241,0.3523108619091869,0.227711423737881,0.11676966514212901
r6_Jeonbuk,0.2594725229743672,0.18613851429391023,4.356151536102467,0.03171778045237613,0.7143825763273277,0.006556779681747154,0.363001044280668,0.2800494328557793,0.16223001532266085,0.021698044014690165,0.2525122028948059,0.7891095596039097,0.6166073357386762,14.646820331318821,0.599567304010273,0.21729665681587895,0.200814122394572,0.24521835622766047,0.29293732529511074,0.7817596260386651,0.31885937366623285,0.2725532631599894,0.18267930017211984,14.62625935973926,0.24565728819891064,0.25414091257163085,14.61881301601999,0.24994654316136647,0.050416007979881175,0.0,0.31591698800172274,0.12876689694390855,0.18433655683583886,0.16964679865238544,0.05436679889769998,0.12422818992643146,0.24884844706130171,0.14725124084936558,0.2272764654264648,0.03468103154930927,0.06769688135754451,0.049063753772273414,0.004084357535436317,0.0882897122417863,0.05937759956998738,0.19966635209375772,0.2825003744785867,0.5179086723921346,0.08837388619055606,0.021883329210301714
r6_Jeju,0.029490238499762247,0.0562929918928408,13.007087504032274,0.6532108858973275,0.22571357488182173,0.4588998636041112,0.4764483761081813,0.12705787245911523,0.03623496181152668,0.19551136792898374,0.02766886994637556,0.19147759502850686,0.09303121772263413,7.529465459145538,0.32169472440311175,0.027603534035592674,0.049370090453052747,0.05485013040120494,0.0004433074317123644,0.1199350115175902,1.3966918921910294,0.00995639944200069,0.05108759762367622,7.41151042593835,0.12374283436706313,0.14059422955410542,7.310675873127536,0.05319580471994005,0.7443511242383521,0.36115926185765956,0.0,0.059582009325421556,0.046277822743908154,0.18766401132713872,0.12050787004251107,0.06564340164407867,0.04130445311994979,1.1156424826006601,0.00750951670316042,0.15606262143581737,0.10370003982612197,0.31701339999304623,0.42061241370799746,0.07908612935711666,0.12295730700901779,1.2861985568386227,1.4896602563011947,1.5161605551903492,0.14913240975060552,0.19239562845053987
r6_Chungnam,0.0223328705433751,0.00654776329823133,9.416306951511316,0.3282625717277088,0.440567443198014,0.19405559412900614,0.4344459754050416,0.0467577499109993,0.002962716259823993,0.047687225847799906,0.020505948506293052,0.4441517562137757,0.2916185456534364,11.261668101612203,0.45433976625210537,0.011856485922598269,0.008607943499829532,0.01986306817637586,0.05185905540546601,0.36856827713713936,0.9239396552185914,0.03083406487596181,0.0052669613771816025,11.177859772128805,0.03740637573237119,0.04516917582656953,11.107213263403528,0.02088933676372158,0.3914509700191422,0.14134091146980746,0.06145676765997084,0.0,0.005158175054554712,0.047324497994114284,0.017148871639215822,0.00015910597447139473,0.08852969283658596,0.6328889442392855,0.028457101906195388,0.03894081456031898,0.010437737003821137,0.16526948179172232,0.17031240833494662,0.0050732764290988795,0.014143047355440634,0.7794565911377891,0.944866574563049,1.1019475918790609,0.020645738234223724,0.04744402036178998
r6_Chungbuk,0.006681476008390766,0.000578301780837758,10.319820539684299,0.40880659914566086,0.4349344241792235,0.2545431556749872,0.48678648109351597,0.025914053520703324,0.003030334672185119,0.08079484578015234,0.006033312792372953,0.42531804772974,0.2728788319688017,10.833512472226637,0.4714158961927179,0.002773371376016946,0.00048678278348288084,0.004606806938880048,0.04016878567837211,0.3337245858172765,1.0630803922182377,0.01645965251157571,0.0001239449286145834,10.738011948825955,0.02181346713872099,0.02865565961397696,10.655355226604126,0.00500537506120927,0.47989300838309235,0.1949657653849747,0.04752660359084079,0.004888378544716181,0.0,0.04698447421409199,0.039430734428239654,0.005636319353308727,0.09504299998876142,0.7437610461489083,0.0239432472689445,0.0696074153515526,0.028954595091444425,0.21877559410837755,0.22712199548250442,0.019226470088629165,0.03413017983729827,0.909964165358695,1.091182015109965,1.241117879848805,0.03383148711255923,0.0806918414531641
r7_Gangwon,0.07536166286023484,0.036354603713423625,7.708860521356398,0.2523865458230954,0.7267427642318424,0.1391073451045982,0.579786162020439,0.01946985474430897,0.05987815605149889,0.05510774624039221,0.07571363834652846,0.7424206638236855,0.5377846554310001,14.164550801050487,0.7031376800848346,0.06875418971296395,0.0431101280451734,0.04672559769232325,0.1688410305341942,0.6332646673491205,0.8137864913245872,0.11332605356929347,0.040398489187784985,14.092080669489814,0.01401395469517196,0.011286378011011056,14.028356867215876,0.049179619816777764,0.3031936147112442,0.11719517477446226,0.18399319661856728,0.04041902805020468,0.04480529707673015,0.0,0.0474862786277802,0.03596447427467692,0.23519299834324053,0.4606867615923991,0.12928849397305667,0.07151304398650268,0.043557348737222626,0.2067002305547693,0.12260637642955893,0.04871224728488323,0.034955553712874655,0.620453633181484,0.7783775049716863,1.0484296109898985,0.00984100515340168,0.05790074934968102
r7_Gyeonggi,0.08120479143560642,0.045608924766900275,7.60480615975747,0.1926839997485783,0.48495289084069465,0.0988803101287742,0.3601666925182463,0.11408498955656846,0.030643389306627425,0.00845842391658594,0.07708298539151516,0.5150903968243438,0.36115197791968967,12.208085972898017,0.45265828195083024,0.057747448606254484,0.052060937750956854,0.07733688059920757,0.10434322534862851,0.470583170797519,0.6709474646635477,0.08785352971561451,0.04280791973633413,12.147811146504417,0.09437519502469713,0.10372481678623845,12.10122779260628,0.07964570480300116,0.23986524009267518,0.06054313033062377,0.11852837168818542,0.017701285342793978,0.04283487379468842,0.07337930724537574,0.0,0.016580695743254423,0.10548120379501513,0.43470294986704255,0.06628202420513887,0.005157880624753499,0.0008465788242522903,0.08624116875909611,0.08262591442876668,0.004412106182304233,0.0013381861161427967,0.5425030014681848,0.6762790191778127,0.8502207096074659,0.020636981078877452,0.00800719253439573
r7_Gyeongnam,0.024385615928792306,0.006635792716114974,9.259394234729205,0.3171123524807701,0.45654434002209315,0.18528906378590088,0.4385476809477853,0.04410796376961516,0.00440613119286389,0.044271943737610106,0.022630111888799823,0.46159326441466486,0.305822110187958,11.46286650933767,0.46676878745323125,0.013793907035048163,0.009103727308510931,0.020270878559866264,0.05766562840126584,0.38479291939420546,0.9074922038968926,0.03464584141135889,0.005640659948998303,11.380394302931473,0.03471419728430537,0.04187590388344241,11.31082715292382,0.02141969811206995,0.3791051906622766,0.13485691720829324,0.06772917267348505,0.0001590202456075412,0.005812875962585347,0.04232212181020388,0.015741264286038253,0.0,0.09519300672369585,0.6141209887271728,0.03287328376318341,0.03721821079001099,0.009406467166738784,0.16286078127138376,0.16219424011906422,0.004930807523023502,0.012268599914196515,0.7604452263265106,0.9245354184461381,1.089012623705227,0.017177507769574694,0.044209542288157266
r7_Gyeongbuk,0.13681795767120808,0.14388470134601064,10.927768751074685,0.4926965014128759,0.13138169933630897,0.3584218336611686,0.26520020193310523,0.3103472780492655,0.08221208661485532,0.15317230812584282,0.12906582194124563,0.13784456696278746,0.0757658167288322,7.166539029821935,0.1690278723721795,0.10771355169659877,0.14167593089534658,0.17914451402754983,0.047931796408855754,0.14965787196666985,1.0418435298147306,0.0917591979010238,0.1318452998754761,7.084190448248194,0.28470836027975654,0.3123852538120842,7.023259852612491,0.17882452633744622,0.5631128014052782,0.2645629738194676,0.05192603828076417,0.099209358069448,0.12390979815784478,0.30862152789773944,0.10238479088476667,0.10632651633547871,0.0,0.9099270018302661,0.03962097073210351,0.10510038487791107,0.09765486948944316,0.17464652377662976,0.3287447032089956,0.0818985335665821,0.12010303138488092,0.9979663565921271,1.1477608128878813,1.1212898180546866,0.19391993061871302,0.14739410985024093
r7_Gwangju,0.5553188534093078,0.4418709557397398,1.3042018259013133,0.03457306506984334,1.2353547754797691,0.06433257175558939,0.6419267801657862,0.501226155413983,0.43606776242788076,0.18949059502599547,0.5486649791962042,1.3444867457578973,1.117809814415709,18.58063448292333,1.044170282892131,0.5062739876110669,0.4649788295428748,0.5132815657828657,0.6485273660655971,1.3288497388922784,0.1891128348377963,0.596831081362182,0.44256327094289033,18.59119654132771,0.46217494522909286,0.4613073478969205,18.610822137367137,0.5205297863510777,0.027351741434449788,0.10107905543719596,0.6809760932237261,0.3775160611406721,0.44892730385507806,0.3360861755922672,0.26385167157838896,0.36721862467600846,0.6050576295944706,0.0,0.5542343841431963,0.23259379829036114,0.28630292219116077,0.21832772504532524,0.07546119451099378,0.325030294258733,0.2627884360922441,0.03357407624319744,0.08246131127980198,0.44683126527304623,0.27027101147866384,0.19259151301849375
r7_Daegu,0.022783824345628582,0.03385725519134665,11.610157751792176,0.513851254905727,0.26240748447427414,0.34581772329763233,0.4185435971521252,0.1072600231090368,0.013641732676836025,0.12614472502001187,0.02020908438822426,0.2450767551469153,0.13443980118230792,8.624628086160865,0.32546089331258016,0.014779629517264931,0.030322006429368484,0.041649947806606524,0.0043462202320506136,0.1828433039906985,1.1867942135523522,0.008722887266377821,0.029004742529874075,8.52179187079705,0.09924080589064052,0.11464121820077272,8.43539120461236,0.04099734043974653,0.5936829991741311,0.26255440042760714,0.00758411427398379,0.02801206015861349,0.025258978146406492,0.14131782448622657,0.06802142218599191,0.03237397149393019,0.03265243560985475,0.9215389643544063,0.0,0.09513943333485389,0.0558804014315558,0.23375204576266428,0.31313905301878103,0.03836806570295971,0.0707115417472844,1.074186184775097,1.2590271793116605,1.3193732167569698,0.09681424477353545,0.1235837802415104
r7_Daejeon,0.12841943039668122,0.08544561137050473,6.8679094862254475,0.1474111063852492,0.4760791083566169,0.07401154815068614,0.3074517864743762,0.18273507207248083,0.05804399924850552,0.005076122468778935,0.12245617269965609,0.5199627647118433,0.37572686327794586,12.21911380634519,0.42325945511998675,0.09625973163255354,0.09362498869660911,0.12900180771737677,0.13470000775318777,0.5012158603693959,0.5610004925785455,0.12796688167255432,0.08063814405560193,12.17089624704987,0.1559172577048657,0.1683609091322501,12.137588130146543,0.1318036139385777,0.1873374798336572,0.03820174038437254,0.15055771725184464,0.04235790679840191,0.07983272233688231,0.12091447662523354,0.005441648064078302,0.041391767708406337,0.10814793265049445,0.37076264195545855,0.09097006534952458,0.0,0.010334480146028821,0.051688742208862784,0.06085745204946132,0.01721524340340442,0.011360045823458252,0.45223979407231507,0.5682366479104323,0.7295673035786894,0.04487219413228949,0.003882648852514721
r7_Busan,0.06501977424551658,0.03377150800887154,8.001332719120041,0.21968733745664887,0.4732476375771019,0.11687943884582438,0.3744941532544511,0.09557523024459114,0.02151382010279286,0.014163035110114412,0.06142691296692411,0.4974589106618523,0.3435665146569523,12.00653215415053,0.4511491472511415,0.04451042585194902,0.03925735060976004,0.061331149748714425,0.08993151992651145,0.4457678132925635,0.7242554063830249,0.07223953985749869,0.031341074652173284,11.941008263096611,0.07822205046345393,0.08715921406547636,11.889033421023436,0.06335811541984701,0.2704146386323841,0.07545955614103546,0.10311084488123229,0.010736805686222942,0.03136089243289708,0.06407442737987912,0.0008436091926365781,0.009880863452721766,0.09923828613840285,0.47532661967800865,0.05509275681820104,0.009764951060221974,0.0,0.10109947276871172,0.09897359208760526,0.0016060522007934706,0.0011524688969207567,0.5919394006734012,0.7328115860388068,0.9035377506225294,0.01740067778951252,0.013774511998610958
r7_Seoul,0.3725918419393336,0.31068314458889146,4.852113904086814,0.09745546710934827,0.43292230924413316,0.09157353116627073,0.15277662030116138,0.5336419803168972,0.22817859976122695,0.07962197055628878,0.35911158758137274,0.5229940531110758,0.4325820258453432,11.333147642543677,0.31789864978059956,0.3071579794226421,0.3235551670830027,0.39865560327738303,0.29465541901762654,0.6104854740186642,0.2858178444333018,0.33578021053851337,0.29665244516464495,11.325187748458058,0.4793887050920096,0.5068526819560741,11.33815014646936,0.40276596745261706,0.11510438313192076,0.05425366833797912,0.31470408836105307,0.20820109691048674,0.29121349237986693,0.40138472893639887,0.10433303727656812,0.2094161912613511,0.15614864976805498,0.286047927550684,0.23578508477937715,0.05923033255977728,0.12309373211891278,0.0,0.0872566177032994,0.13845311059484866,0.130385150189902,0.2663535736326763,0.3197567638172927,0.3952921650744682,0.22709720990519178,0.07464333696077066
r7_Sejong,0.2763869331192347,0.19660111051056967,3.9264311615785417,0.022557574925896988,0.8206725710902373,0.0006113691376025882,0.42999155805416905,0.26577538796306677,0.18420236794000908,0.03276489980644731,0.2705108387315956,0.8968877821751058,0.704947422552929,15.633478486374637,0.6971073774229151,0.23716298016776988,0.21253671389348436,0.25245066937389216,0.3346461770457296,0.8733258737043873,0.31034065253743004,0.30076475580973616,0.1953202031534902,15.614469701303904,0.2340428119247703,0.23839721017890012,15.606853455305128,0.2575680931672592,0.03844354056052116,0.003984441888599376,0.3591864669027688,0.14568406160497843,0.19866049630521906,0.15259340072508865,0.07150910916771779,0.13955730748359707,0.30581923211334977,0.10907251225446837,0.26459973729726577,0.054581685074520214,0.0850145225533607,0.07751289662147816,0.0,0.10853506100257804,0.0724360183663712,0.17092222234865054,0.2545869984385083,0.5305492169323834,0.0880632814006063,0.03411633406506569
r7_Ulsan,0.04905026098809177,0.024946901356901988,8.609092366217013,0.2621936249751834,0.433066020574452,0.14792472662101944,0.37731440681588246,0.08717489976966905,0.012033389165965368,0.025408684964902176,0.04571205697856236,0.4499404687678361,0.3024928477619658,11.45750949451228,0.4256257686990554,0.03097653417025322,0.02890207335292675,0.04875243524396871,0.06785813637899062,0.39527954248690156,0.7969444344355697,0.05321514288554294,0.022228380053059403,11.385410182312501,0.07167015951893924,0.08148850958573592,11.327261608557516,0.05032573942735918,0.31794294516439664,0.09967782430136624,0.07936212295548224,0.005420262775639079,0.02168654048751869,0.06722378055493594,0.004474895812354877,0.0053922850777061125,0.0815851440599871,0.5431123248952364,0.0381847964881576,0.016837740081082866,0.0016207059140920465,0.11720616400373483,0.1274987630011773,0.0,0.004937274337364454,0.6668055192607211,0.8156038098545648,0.9692797571410514,0.022056649528447943,0.02470916802962146
r7_Incheon,0.07165742844043009,0.03568548091181766,7.639550624035248,0.19773943983574335,0.5213384901475483,0.09981967141591128,0.39397858932713403,0.08802963929880428,0.02797629937515496,0.009866647950119174,0.0683915330589303,0.5484641870580017,0.38517803423014474,12.549667149095391,0.4912400240363871,0.05147938744316825,0.042137233740076635,0.06323183744855294,0.10787241637675696,0.49161530674060944,0.6928673094909847,0.08411510888500567,0.0341684836726966,12.48683754637192,0.0710859350779943,0.07818408993136015,12.436779068269447,0.06555103498017739,0.24579581713716664,0.06433240297924891,0.12217736878679941,0.013958251996423733,0.03500282093680479,0.051776380365603315,0.001279641715979019,0.01223816696592138,0.12151362474352814,0.4343322777047131,0.06972373051548954,0.01013666755023631,0.0011470678297733367,0.10179530915794273,0.08342367230447369,0.004891674953596487,0.0,0.5522297989729275,0.6908725771562705,0.8823532300715332,0.010929850672235723,0.010017417227541084
r7_Jeonnam,0.6908164336995126,0.5771462091207614,0.8873024871304752,0.046060708748185034,1.0629739396375162,0.10879187563071664,0.47035195407897235,0.7478202930906208,0.521453858596514,0.23852814112935514,0.6781468640620129,1.1958174809986195,1.0311971290619983,16.500001484245594,0.8508237923922715,0.6181467703565511,0.6008603149332907,0.6789379747180897,0.6960641473306224,1.2666454743791393,0.0721331954621226,0.6933898061711653,0.5690786012591657,16.530815929382317,0.6889229201353672,0.7032670810845325,16.576895748994545,0.6862936486804778,0.030808273388261927,0.12853869705251567,0.7283464642876096,0.4686936794752359,0.570084656298852,0.5473491806674327,0.31678461475525843,0.4622123638174966,0.5644400316304629,0.03900472382038918,0.6003360338332571,0.258603232985238,0.34679665991032904,0.16768434234821072,0.12189425768157827,0.3855606131592144,0.33375237382499173,0.0,0.012123534595057807,0.2620158257366352,0.3987281022773046,0.23759148249479695
r7_Jeonbuk,0.8211539018793159,0.7068113652888032,0.6088990336632168,0.09064500868176043,0.9928899947168701,0.17587514563142925,0.3976298481279204,0.950564945984703,0.6184016903990768,0.310076700618072,0.8045146542318594,1.1418469830711377,1.0175087216639056,15.214118710037434,0.7658905359937692,0.7327888049027487,0.7310363746359105,0.8288330482387207,0.7690813355739472,1.2696812324727154,0.030120952127218256,0.7983784794429141,0.6930117355206796,15.258718633376807,0.8784970800059502,0.902766938004087,15.322627514461846,0.8362927109770318,0.06974806871164374,0.18496000157479583,0.8013777651600114,0.569138488752474,0.6905402106254243,0.7260387036144756,0.39145242367537214,0.5651024934876752,0.5792345952027976,0.0997992933073355,0.6720301870131877,0.31533502517095946,0.42657826097183615,0.17340753184590063,0.1904594629421552,0.4656039229816621,0.42025106577058635,0.012605547721090661,0.0,0.17596287662719495,0.5229223222607295,0.30651119623473483
r7_Jeju,1.4496959831295464,1.3458148693750884,0.6006463832062805,0.44945009460443236,0.6884129799953203,0.6127508534092668,0.16235075748894065,1.9139675088050254,1.11129711740318,0.7294849548933726,1.4159576980109145,0.894921989386749,0.9610772353663353,8.568948989560997,0.42322962885918225,1.2964114499655954,1.3694232396452863,1.5503551264700315,1.13232481869685,1.2695980891825869,0.0622396391188966,1.3089285805391373,1.3060916015910997,8.662224610250918,1.7870564192877338,1.8569353253791765,8.793469970687662,1.5574219914338263,0.4130045411040214,0.561783219062066,1.161532686992516,1.0853504045226627,1.2871647216656692,1.6046466618578366,0.8103514875887357,1.0936997304474432,0.6929780657321162,0.5779312569235264,1.039130543518573,0.6612851027468885,0.8643399577319095,0.3104793685797543,0.6291573314744036,0.8984554500874398,0.8918268423539867,0.29067035853400935,0.18347050668313172,0.0,1.1630550308421115,0.7136938085056747
r7_Chungnam,0.06717637664517016,0.028198572034662507,7.5582790706993945,0.21121015004379595,0.6345237228054603,0.1067539122411927,0.4883262911331674,0.0415931133795247,0.03814617793878411,0.023750776735146327,0.06589553866114693,0.6565580250612011,0.468879671460536,13.546979535825626,0.6054009418086463,0.05417455556540846,0.0350997449882018,0.0467847974759063,0.1366575333782249,0.570879508816809,0.738051505597459,0.09451270863330292,0.02985651660355955,13.47993461800483,0.030763118823353044,0.0321835530247925,13.423327707108044,0.04926234573083321,0.2598961619710641,0.08013283654744202,0.1517434059575449,0.020314381153328454,0.032799131604706176,0.012659734004593245,0.017093077231792472,0.016908045259288837,0.17909079501553896,0.42731126284063675,0.09677956430731723,0.033841017496416,0.015195112545725788,0.14829536278319405,0.09075807658083707,0.02031944150730838,0.009467937314466691,0.567428721375004,0.7154539705824993,0.954158963599467,0.0,0.02544182702948755
r7_Chungbuk,0.13566745221190507,0.08517946548589318,6.321224440764109,0.11655244403774945,0.5678728236854054,0.04896262186999434,0.3536107707806314,0.16071010497232227,0.06802190153449668,9.162980343226188e-05,0.1305864608522893,0.6149770151410265,0.45204520412166777,13.21437953836069,0.503563567839729,0.10545430841130639,0.094861686272405,0.12689019991442946,0.16524230358796962,0.5828188754887715,0.5228122586260032,0.14590004191605627,0.08235362804621128,13.169239425734661,0.13573651711754986,0.14433616168579855,13.137396678002471,0.1301512458866604,0.1527047553246879,0.02362762661262687,0.18290377184944656,0.04682323321116099,0.08316792969763799,0.09343765845155777,0.007764692248010305,0.04425087609234862,0.1508908542397704,0.3078998210989811,0.11632394198828812,0.003837222460397747,0.013336607523244993,0.060645228480299906,0.038096056058374995,0.023623111583904413,0.010068998058253644,0.39578242134038033,0.5104341007184172,0.7117125071420936,0.03165368965316873,0.0
